ProductID,ProductName,ProductBrand,Gender,Price (INR),NumImages,Description,PrimaryColor
10017413,DKNY Unisex Black & Grey Printed Medium Trolley Bag,DKNY,Unisex,11745,7,"Black and grey printed medium trolley bag, secured with a TSA lockOne handle on the top and one on the side, has a trolley with a retractable handle on the top and four corner mounted inline skate wheelsOne main zip compartment, zip lining, two compression straps with click clasps, one zip compartment on the flap with three zip pocketsWarranty: 5 yearsWarranty provided by Brand Owner / Manufacturer", Black
10016283,EthnoVogue Women Beige & Grey Made to Measure Custom Made Kurta Set with Jacket,EthnoVogue,Women,5810,7,"Beige & Grey made to measure kurta with churidar andÂ dupattaBeige made to measure calfÂ length kurta, has a V-neck, three-quarter sleeves, lightly padded on bust, flared hem, concealed zip closureGrey solid made to measure churidar, drawstring closureGrey net sequined dupatta, has printed tapingWhat is Made to Measure?Customised Kurta Set according to your Bust and Length. So please refer to the Size Chart to pick your perfect size.How to measure bust?Measure under your arms and around your chest to find your bust size in inchesHow to measure Kurta length?Measure from shoulder till barefoot to find kurta length in", Beige
10009781,SPYKAR Women Pink Alexa Super Skinny Fit High-Rise Clean Look Stretchable Cropped Jeans,SPYKAR,Women,899,7,"Pink coloured wash 5-pocket high-rise cropped jeans, clean look, no fade, has a button and zip closure, and waistband with belt loops", Pink
10015921,Raymond Men Blue Self-Design Single-Breasted Bandhgala Suit,Raymond,Men,5599,5,"Blue self-design bandhgala suitBlue self-design bandhgala blazer, has a mandarin collar, single breasted with full button placket, long sleeves, three pockets, an attached lining and a double-vented back hemBlue self-design mid-rise trousers, has a zip fly with a button and a hook-and-bar closure, four pockets, a waistband with belt loops",Blue
10017833,Parx Men Brown & Off-White Slim Fit Printed Casual Shirt,Parx,Men,759,5,"Brown and off-white printed casual shirt, has a spread collar, long sleeves, button placket,  curved hem, one patch pocket", White
10014361,SHOWOFF Men Brown Solid Slim Fit Regular Shorts,SHOWOFF,Men,791,5,"Brown solid low-rise regular shorts, has four pockets, a button closure", Brown
10017869,Parx Men Blue Slim Fit Checked Casual Shirt,Parx,Men,719,5,"Blue checked casual shirt, has a spread collar, long sleeves, button placket,  curved hem, one patch pocket",Blue
10009695,SPYKAR Women Burgundy Alexa Super Skinny Fit High-Rise Clean Look Stretchable Ankle Jeans,SPYKAR,Women,899,7,"Burgundy coloured wash 5-pocket high-rise jeans, clean look, no fade, has a button and zip closure, and waistband with belt loops", Burgundy
10000571,Parx Men Brown Tapered Fit Solid Regular Trousers,Parx,Men,664,5,Brown solid regular trousers regular trousers, Red
10017421,DKNY Unisex Black Large Trolley Bag,DKNY,Unisex,17360,5,"Black solid large trolley bag, secured with a TSA lockOne handle on the top and one on the side, has a trolley with a retractable handle on the top and four corner mounted inline skate wheelsOne main zip compartment, zip lining, two compression straps with click clasps and one zip pocketOne exterior zip pocketWarranty: 5 yearsWarranty provided by Brand Owner / Manufacturer", Black
10000911,Kenneth Cole Women Navy Blue Solid Backpack,Kenneth Cole,Women,2463,5,Navy Blue backpackNon-Padded haul loop1 main compartment with zip closurePadded backZip PocketPadded shoulder strap: PaddedWater-resistance: No,Blue
10000245,Parx Men Green Printed Polo Collar T-shirt,Parx,Men,629,5,"Green printed T-shirt, has a polo collar, and short sleeves", Green
10001989,Police Men To Be The King Eau De Toilette 125 ml,Police,Men,2695,5,To Be The King Eau De ToiletteÂ ,
10016727,Vishudh Women Maroon Printed Kurta with Palazzos,Vishudh,Women,892,4,"Maroon printed kurta with palazzos Maroon straight calf length kurta, has a round neck, three-quarter sleeves, straight hem, side slitsMaroon  Printed palazzos, has elasticated waistband, slip-on closure", Maroon
10017749,Parx Men Red Slim Fit Checked Casual Shirt,Parx,Men,752,5,"Red checked casual shirt, has a spread collar, long sleeves, button placket,  curved hem, one patch pocket", Red
1000795,Being Human Clothing Navy Printed Casual Slim Shirt,Being Human,Men,1079,6,"Navy blue printedÂ casual shirt, has a spread collar, a full button placket, two pockets,Â long sleeves, a curved hem", Navy
10003803,Homesake Gold-Toned & White Solid Handcrafted Table Lamp with Shade,Homesake,Unisex,1620,5,Type: Handcrafted Table Lamp with ShadeColour: Gold-Toned and whitePattern: SolidShape: FrustumShade material: FabricBase material: AluminiumBulb Holder Type: E27Switch Type: Toggle ButtonComes with bulb, White
10012765,SEJ by Nisha Gupta Set of 6 Mustard & Blue Printed Table Placemats,SEJ by Nisha Gupta,Unisex,899,4,Set content: 6 table mats Shape: Rectangle Colour: Mustard and blue Pattern: Printed Suitable For: 6 seater table Material: Cotton ,Blue
10014413,YAK YAK Men Camel Brown Solid Polo Collar T-shirt,YAK YAK,Men,599,5,"Camel brown solid T-shirt, has polo collar, short sleeves", Brown
10013483,PARFAIT Plus Size Black Striped Non-Wired Lightly Padded T-shirt Bra P5252,PARFAIT,Women,1749,3,Black striped medium-coverage T-shirt braLightly Padded and Non-Wired seamless cupsRegular straps and back closureBack style: RegularFeature: All Day Comfort, Red
10001265,Michael Kors Women Sexy Amber Eau de Parfum 100ml,Michael Kors,Women,7920,3,Michael Kors Sexy Amber Eau de ParfumFragrance Notes:Top notes - amberHeart notes - sandalwoodBase - white flowers,
10004155,HIGHLANDER Men Mustard & Black Slim Fit Checked Casual Shirt,HIGHLANDER,Men,699,5,"Mustard and black checked casual shirt, has a spread collar, long sleeves, button placket,  curved hem, one patch pocket", Black
10012795,SEJ by Nisha Gupta Set of 6 Multicoloured Printed Table Placemats,SEJ by Nisha Gupta,Unisex,899,4,Set content: 6 table matsShape: RectangleColour: MulticolouredPattern: PrintedSuitable For: 6 seater tableMaterial: Cotton, Red
10009723,SPYKAR Women Blue Adora Skinny Fit Mid-Rise Clean Look Stretchable Ankle Jeans,SPYKAR,Women,1199,7,"Blue medium wash 5-pocket mid-rise jeans, clean look, heavy fade, has a button and zip closure, and waistband with belt loops",Blue
10012853,JEWEL JUNCTION Gold-Toned Square Cufflinks,JEWEL JUNCTION,Men,539,5,A pair of gold-toned square solid cufflinks, Gold
10006001,ID Men Tan Brown Fisherman Leather Sandals,ID,Men,2385,5,A pair of tan brown fisherman sandalsLeather upper with velcro closureCushioned footbedPatterned synthetic outsoleWarranty: 3 monthsWarranty provided by brand/manufacturer, Brown
10017377,Story@home Multicoloured Geometric 210TC Cotton 1 King Bedsheet with 2 Pillow Covers,Story@home,Unisex,1199,4,Set content: 1 King bedsheet with 2 pillow coversQuality: Fine Thread count: 210Colour: MulticolouredPattern: Geometric, Red
10015839,Raymond Men Blue Slim Fit Printed Formal Shirt,Raymond,Men,1079,5,"Blue printed formal shirt, has a spread collar, long sleeves, button placket,  straight hem, one patch pocket",Blue
10003123,Gini and Jony Boys Navy Blue Regular Fit Solid Casual Shirt,Gini and Jony,Boys,699,3,"Navy Blue solid casual shirt, has a spread collar, long sleeves, button placket, and curved hem",Blue
10012767,SEJ by Nisha Gupta Set of 6 Printed Table Placemats,SEJ by Nisha Gupta,Unisex,899,4,Set content: 6 table mats Shape: Rectangle Colour: Pink and blue Pattern: Printed Suitable For: 6 seater table Material: Cotton ,
10013041,Sera Women Blue Printed Kurta with Palazzos,Sera,Women,1437,5,"Blue printed kurta with palazzos Blue A-line calf length kurta, has a round neck, short sleeves, flared hem Blue solid palazzos, button closure",Blue
10014831,AccessHer Women Gold-Toned & Pink Gold-Plated AD-Studded Maang Tikka,AccessHer,Women,979,3,"Gold-toned and pink gold-plated maang tikka with arificial stoned and beads studded, gold-platedSecured with a fish-hook ear wire", Pink
10017831,Parx Men Blue Slim Fit Printed Casual Shirt,Parx,Men,779,5,"Blue printed casual shirt, has a spread collar, long sleeves, button placket,  curved hem, one patch pocket",Blue
10002713,Alcis Women Yellow & Blue Colorblocked Tights,Alcis,Women,749,6,"Alcis Women  Yellow & Blue Colorblocked Tights, three-fouth length, elasticated waist",Blue
10006029,ID Men Brown Leather Formal Slip-Ons,ID,Men,956,5,"A pair of brown square-toed formal slip-on shoes, has elasticated gussets on both sidesLeather upper, has a textured detailCushioned footbedTextured TPR outsoleWarranty: 3 months against manufacturing defect onlyWarranty provided by the brand owner / manufacturer", Brown
10005903,Difference of Opinion Men Navy Blue Solid Round Neck T-shirt With Side Strip Detail,Difference of Opinion,Men,499,5,"Navy Blue Solid T-shirt, has a round neck, long sleeves, has side stripes in the sleeves",Blue
10017781,Parx Men Blue Slim Fit Checked Casual Shirt,Parx,Men,769,5,"Blue checked casual shirt, has a spread collar, long sleeves, button placket,  curved hem, one pocket",Blue
10002151,Michael Kors Extreme Blue For Men Edt 70 ml,Michael Kors,Men,4275,2,"What it is:Extreme Blue For Men EdWhat it does:Masculine and sensuous at the same time is this 'Blue Eau De Toilette' from Michael Kors. Exuding unmatched freshness, this EDT is a must-have in your collection of fragrances. Available in a 70 ml pack, this EDT has top notes of bergamot, spicy pink pepper and invigorating cardamom. The heart notes are of juniper, cypress, nutty sesame and herbaceous sage, while the base notes include warm ambrox, musk and patchouli.",Blue
10015989,Tokyo Talkies Women Off-White & Pink Floral Print Fit and Flare Dress,Tokyo Talkies,Women,499,5,"Off-White and pink printed woven fit and flare dress, has a round neck, three-quarter sleeves, concealed zip closure,, flared hem", White
10001111,ANNA SUI Women La Vie De Boheme EDT 75ml,ANNA SUI,Women,4600,4,"ANNA SUI La Vie De Boheme Eau De ToiletteStrong perfumeLasts 2 to 3 hoursFresh FragranceTop notes: Turkish rose, sparkling pear, berries and pitahaya accordHeart notes: Red magnolia, peony, pink freesiaBase notes: dry woods, sandalwood, musk and black vanillaIt comes in a 75 ml bottle.",
10004151,HIGHLANDER Men Navy Blue & Maroon Slim Fit Checked Casual Shirt,HIGHLANDER,Men,699,5,"Navy Blue and maroon checked casual shirt, has a spread collar, long sleeves, button placket,  curved hem, one patch pocket",Blue
10007705,her by invictus Women Brown Solid Cushioned Mules,her by invictus,Women,1044,6,"A pair of pointed closed toe brown mules with comfort lining and foam cushioned footbed for your work-from-home needs. It has regular styling, and closed backSynthetic upperFoam Cushioned footbedTextured and patterned outsole", Brown
10006041,ID Men Beige Leather Derbys,ID,Men,2685,5,"A pair of round-toe beige derbys, has regular styling, lace-up detailLeather upperCushioned footbedTextured and patterned outsoleWarranty: 3 monthsWarranty provided by brand/manufacturer", Beige
10009621,SPYKAR Women Blue Adora Skinny Fit Mid-Rise Low Distress Ankle-length Stretchable Jeans,SPYKAR,Women,1124,7,"Blue medium wash 5-pocket mid-rise ankle-length jeans, low distress, heavy fade, has a button and zip closure, and waistband with belt loops",Blue
10009681,SPYKAR Women Blue Adora Skinny Fit Mid-Rise Clean Look Ankle-Length Stretchable Jeans,SPYKAR,Women,989,7,"Blue dark wash 5-pocket mid-rise ankle-length jeans, clean look, light fade, has a button and zip closure, and waistband with belt loops",Blue
10017569,Soie Nude-Coloured Solid Non-Wired Non Padded Maternity Bra CB-331NUDE,Soie,Women,750,4,Nude-Coloured solid full-coverage Maternity bra Non Padded and Non-Wired seamless cups Regular straps and back closure Back style: Regular Feature: All Day Comfort, Red
10001251,Lara Karen Women Black Solid Maxi Satin Skirt,Lara Karen,Women,1999,5,"Black solid woven maxi skirt, has a slip-on closure, flared hem", Black
10003199,Gini and Jony Girls Yellow Fit and Flare Embellished Dress,Gini and Jony,Girls,1619,3,"Yellow embellished woven fit and flare dress, has a round neck, short sleeves, zip closure, an attached lining, and flared hem", Yellow
10017405,Story@home Off-White & Blue Geometric 210TC Cotton 1 King Bedsheet with 2 Pillow Covers,Story@home,Unisex,1199,4,Set content: 1 King bedsheet with 2 pillow coversQuality: FineThread count: 210Colour: Off-White and bluePattern: Geometric,Blue
10013687,PARFAIT Plus Size Blue Solid Underwired Lightly Padded Plunge Bra 2801,PARFAIT,Women,1189,2,Blue solid medium-coverage plunge bra with lace detailLightly padded and underwired seamless cupsRegular straps and back closureBack style: RegularFeature: All Day Comfort,Blue
10015163,Urban Dog Men Grey Solid Regular Fit Sports Shorts,Urban Dog,Men,399,5,"Grey solid mid-rise sports shorts, has two pockets, a drawstring closure", Grey
1000710,ahilya Sterling Silver Textured Bangle,ahilya,Women,9756,5,"Sterling silver textured bangle, has animal-shaped detail on the endsNote: This jewellery is handcrafted, therefore there might be slight variations from the image.", Red
10013541,PARFAIT Plus Size Blue Solid Underwired Lightly Padded T-shirt Bra P5441,PARFAIT,Women,1609,2,Blue solid medium-coverage T-shirt braLightly padded and underwired seamless cupsRegular straps and back closureBack style: RegularFeature: All Day Comfort,Blue
10002833,VASTRAMAY Boys Navy Blue & Maroon Solid Kurta with Dhoti Pants & Jacket,VASTRAMAY,Boys,1469,3,"Navy Blue and maroon solid kurta with dhoti pantsNavy Blue straight above knee kurta, has a mandarin collar, long sleeves, curved hemGold-toned solid dhoti pants, slip-on closureMaroon woven design nehru jacket, has a mandarin collar, sleeveless, one welt pocket",Blue
10005915,Difference of Opinion Men Grey Melange Printed Round Neck T-shirt,Difference of Opinion,Men,499,5,"Grey printed T-shirt, has round neck, long sleeves", Grey
10002707,Campus Sutra Men White & Blue Regular Fit Colourblocked Casual Shirt,Campus Sutra,Men,479,5,"White and blue colourblocked casual shirt, has a spread collar, long sleeves, button placket,  curved hem, one patch pocket",Blue
10012433,FIDO DIDO Men White Printed Round Neck T-shirt,FIDO DIDO,Men,449,5,"White and black printed T-shirt,has round neck,short sleeves", White
10012699,MIAH Decor Beige & Black Indian Art Printed Set of 4 Ceramic Bowls,MIAH Decor,Unisex,1469,5,Type: BowlsPattern: PrintedFinish: Matte Material: Ceramic, Black
10012851,JEWEL JUNCTION Gold-Toned Geometric Cufflinks,JEWEL JUNCTION,Men,539,5,A pair of gold-toned and blue geometric printed cufflinksComes in a signature JEWEL JUNCTION case, Gold
10016755,Vishudh Women Off-White & Green Floral Print A-Line Dress,Vishudh,Women,1299,5,"Off-White and green printed woven A-line dress, has a mandarin collar, three-quarter sleeves, button closure,, flared hem", Green
10015159,Urban Dog Men Grey Printed Regular Fit Sports Shorts,Urban Dog,Men,399,5,"Grey printed mid-rise sports shorts, has two pockets, a drawstring closure", Grey
10013655,PARFAIT Plus Size Women Navy Blue  White Solid Low-Rise Bikini Brief PP303,PARFAIT,Women,499,3,"Navy blue and white solid low rise bikini briefs, has an inner elasticated waistband with lace detail, double layered gusset",Blue
10012821,SEJ by Nisha Gupta Set of 6 Yellow & Blue Printed Table Placemats,SEJ by Nisha Gupta,Unisex,899,4,Set content: 6 table mats Shape: Rectangle Colour: Yellow and bluePattern: Printed Suitable For: 6 seater table Material: Cotton ,Blue
10006073,ID Men Brown Leather Loafers,ID,Men,1218,5,"A pair of square toe brown loafers, has regular styling, slip-on detailLeather upperCushioned footbedTextured and patterned outsoleWarranty: 3 monthsWarranty provided by brand/manufacturer", Brown
10013491,PARFAIT Plus Size Red Solid Underwired Lightly Padded T-shirt Bra P5391,PARFAIT,Women,1609,2,Red solid medium-coverage T-shirt bra Lightly Padded and Underwired seamless cups Regular straps and back closure Back style: Regular Feature: All Day Comfort, Red
10009773,SPYKAR Women Blue Adora Skinny Fit Mid-Rise Mildly Distressed Stretchable Cropped Jeans,SPYKAR,Women,1214,7,"Blue medium wash 5-pocket mid-rise cropped jeans, mildly distressed, light fade, has a button and zip closure, and waistband with belt loops",Blue
10009643,SPYKAR Women Blue Adora Skinny Fit Mid-Rise Clean Look Stretchable Cropped Jeans,SPYKAR,Women,899,7,"Blue dark wash 5-pocket mid-rise cropped jeans, clean look, no fade, has a button and zip closure, and waistband with belt loops",Blue
10015831,Raymond Men Blue Regular Fit Self Design Formal Shirt,Raymond,Men,1154,5,"Blue self-design formal shirt, has a spread collar, long sleeves, button placket,  straight hem, one patch pocket",Blue
10014675,BuckleUp Women Multicoloured Printed Belt,BuckleUp,Women,449,5,Multicoloured printed beltReversible: NoStretchable: NoSecured with a tangWarranty: 1 monthWarranty provided by brand/manufacturer, Red
10012761,Peter England Men Black Briefs PIWBK9146012,Peter England,Men,266,5,"A pair of black briefs, has an elasticated waistband and a panelled front with a double-layered contoured pouch", Black
10001887,AIGNER Men Platinum Eau De Toilette Perfume 100 ml,AIGNER,Men,3640,5,"NotesTop notes: Mandarin, bergamot, ozonic, orange, tamarind, cardamom, black pepper, clove tones and crisp mint leavesHeart notes: Spicy woody notesBase notes: Crystal amber, vanilla guaiacwood, olibanum, patchouli, sandalwood, moos", Platinum
10003179,Gini and Jony Girls Blue Solid Jacket,Gini and Jony,Girls,1189,3,"Blue solid jacket, has a spread collar, 4 pockets, button closure, long sleeves, straight hem",Blue
10003821,Homesake Gold-Toned Solid Handcrafted Table Lamp with Shade,Homesake,Unisex,1836,5,Type: Handcrafted Table Lamp with ShadeColour: Gold-TonedPattern: SolidShape: FrustumShade material: FabricBase material: AluminiumSwitch Type: Toggle Button, Gold
10017017,Campus Sutra Men Black Solid Round Neck Faux Leather T-shirt,Campus Sutra,Men,699,5,"Black solid T-shirt, has a round neck, and long sleeves with faux leather detail", Black
10012721,MIAH Decor Set of 3 Blue & Off-White Handpainted Kitchen Storage Jars with Lids,MIAH Decor,Unisex,3116,3,Type:  Set of 3 Blue & Off-White Handpainted Kitchen Storage Jars with LidsPattern: PrintedFinish: GlossyMaterial: Ceramic,Blue
10003341,Gini and Jony Girls Peach-Coloured Floral Embroidered Fit & Flare Dress,Gini and Jony,Girls,1484,4,"Peach-Coloured net embroidered woven fit and flare dress with embellished detail, has a round neck, short sleeves, concealed zip closure, tie-up on the back, attached lining and flared hem", Red
10013417,SEJ by Nisha Gupta Blue & Green Printed Wooden Open Dry Bin,SEJ by Nisha Gupta,Unisex,999,3,Set content: 1 open dry binColour: Blue and greenPattern: Floral printShape: Rectangular,Blue
10017923,Parx Men Blue Slim Fit Checked Casual Shirt,Parx,Men,859,5,"Blue checked casual shirt, has a spread collar, long sleeves, button placket,  curved hem, one patch pocket",Blue
10013665,PARFAIT Plus Size Black Lace Non-Wired Non Padded Everyday Bra P5482,PARFAIT,Women,1679,3,Black lace full-coverage everyday braNon padded and non-wired cut and sew cupsRegular straps and back closureBack style: RegularFeature: Side Bone, Red
10017595,Parx Men Blue Slim Fit Checked Casual Shirt,Parx,Men,939,5,"Blue checked casual shirt, has a spread collar, short sleeves, button placket,  curved hem, one patch pocket",Blue
10000805,Lady Lyka Women Pack of 2 Beginners Bras TEENAGER-WHT-BLK,Lady Lyka,Women,425,5,Black and white solid medium-coverage beginners brasNon Padded and Non-Wired cut and sew cupsRegular straps and back closureBack style: RegularFeature: All Day Comfort,
10012769,SEJ by Nisha Gupta Set of 4 Multicoloured Printed Table Placemats,SEJ by Nisha Gupta,Unisex,799,4,Set content: 4 table matsShape: RectangleColour:multicolouredPattern: PrintedSuitable For: 4 seater tableMaterial: Cotton, Red
10007835,her by invictus Women Red Cushioned Loafers,her by invictus,Women,1299,6,"A pair of round closed toe red loafers with comfort lining and foam cushioned footbed for your work-from-home needs. It has regular styling, and closed backSynthetic upperFoam Cushioned footbedTextured and patterned outsole", Red
10012881,JEWEL JUNCTION Gold-Toned & Black Round Cufflinks,JEWEL JUNCTION,Men,539,5,A pair of gold-toned and black round solid cufflinks, Black
10013617,PARFAIT Plus Size Black Solid Non-Wired Non Padded Sports Bra P5542,PARFAIT,Women,1749,3,Black solid full-coverage Sports bra with mesh detailNon Padded and Non-Wired cut and sew cupsRegular straps and back closureBack style: RegularFeature: All Day Comfort, Red
10007811,her by invictus Women Tan Brown Cushioned Slip-on Shoes,her by invictus,Women,949,6,"A pair of pointed closed toe tan brown slip-on shoes with cushioned footbed and comfortable lining, has regular styling, and closed backSynthetic upperFoam Cushioned footbedTextured and patterned outsole", Brown
10017427,DKNY Unisex Black Medium Trolley Bag,DKNY,Unisex,13320,6,"Black solid medium trolley bag, secured with a TSA lockOne handle on the top and one on the side, has a trolley with a retractable handle on the top and four corner mounted inline skate wheelsOne main zip compartment, zip lining, two compression straps with click clasps and one zip pocketOne exterior zip pocketWarranty: 5 yearsWarranty provided by Brand Owner / Manufacturer", Black
10017899,Parx Men Yellow & Off-White Slim Fit Checked Casual Shirt,Parx,Men,647,4,"Yellow and off-white checked casual shirt, has a spread collar, long sleeves, button placket,  curved hem, one patch pocket", Yellow
10017369,Story@home Mauve & Grey Geometric 210 TC Cotton 1 King Bedsheet with 2 Pillow Covers,Story@home,Unisex,1799,5,Set content: 1 King bedsheet with 2 pillow coversQuality: FineThread count: 210Colour: Mauve and GreyPattern: Geometric, Grey
10017671,Parx Men Blue & Off-White Slim Fit Printed Casual Shirt,Parx,Men,779,5,"Blue and off-white printed casual shirt, has a spread collar, long sleeves, button placket,  curved hem, one patch pocket",Blue
10007595,her by invictus Women Green Cushioned Slip-Ons,her by invictus,Women,1999,6,"A pair of pointed toe green slip-ons with cushioned footbed, has regular styling, slip-on detailSynthetic Suede upperFoam cushioned footbedTextured and patterned outsole", Green
10004343,Park Avenue Women Blue Skinny Fit Mid-Rise Clean Look Jeans,Park Avenue,Women,569,5,"Blue dark wash five-pocket mid-rise jeans, clean look with light fade, has a button and zip closure, waistband with belt loops",Blue
10007683,Roadster Women Black Textured Open Toe Flats,Roadster,Women,1699,6,"A pair of black open-toed flats, has regular styling, no back strap detailSynthetic upperCushioned footbedTextured and patterned outsoleWarranty: 1 monthWarranty provided by brand/manufacturer", Red
10007801,her by invictus Women Black Textured Cushioned Flats,her by invictus,Women,944,6,"A pair of black pointed toe cushioned flats, has regular styling, slip-on detailSynthetic upperCushioned footbedTextured and patterned outsole", Red
10002181,U.S. Polo Assn. Denim Co. Men Navy Blue Solid Bomber Jacket,U.S. Polo Assn. Denim Co.,Men,3499,7,"Navy solid bomber jacket, has a stand collar, 2 pockets, zip closure, long sleeves, straight hem, and attached lining with 3 inner pockets",Blue
10012783,SEJ by Nisha Gupta Set of 6 Pink Printed Table Placemats,SEJ by Nisha Gupta,Unisex,899,4,Set content: 6 table mats Shape: Rectangle Colour: Pink and multicoloured Pattern: Printed Suitable For: 6 seater table Material: Cotton , Pink
10003387,Gini and Jony Girls Navy Blue Washed Denim Jacket,Gini and Jony,Girls,1329,3,"Navy Blue washed denim jacket, has a spread collar, 4 pockets, button closure, long sleeves, straight hem, and unlined",Blue
10004053,Sweet Dreams Men Navy Blue Solid Straight-Fit Trackpants,Sweet Dreams,Men,699,5,"Navy blue solid straight-fit trackpant, has an elasticated waistband with a drawstring fastening, two pockets",Blue
10017211,Kazo Women Yellow Floral Print Shirt Dress,Kazo,Women,1345,5,"Yellow printed woven shirt dress, has a mandarin collar, long sleeves, button closure,, tulip hem", Yellow
10003299,Gini and Jony Boys Red & Grey Melange Solid Varsity Jacket with Applique Detail,Gini and Jony,Boys,649,3,"Red and Grey Melange solid varsity jacket, has a stand collar, snap button closure, long sleeves, straight hem, unlined", Red
10013569,PARFAIT Plus Size Beige Solid Underwired Lightly Padded Plunge Bra 2801,PARFAIT,Women,1189,2,Beige solid medium-coverage Plunge bra Lightly Padded and Underwired seamless cups Regular straps and back closure Back style: Regular Feature: All Day Comfort, Red
10017835,Parx Men Blue Slim Fit Checked Casual Shirt,Parx,Men,839,5,"Blue checked casual shirt, has a spread collar, long sleeves, button placket,  curved hem, one patch pocket",Blue
10017771,Parx Men Black & Red Slim Fit Checked Casual Shirt,Parx,Men,577,5,"Black and red checked casual shirt, has a spread collar, long sleeves, button placket,  curved hem, one patch pocket", Red
10006019,ID Men Tan Brown Formal Leather Oxfords,ID,Men,1432,5,"A pair of tan brown square-toed formal oxfords, has central lace-upsLeather upperCushioned footbedTextured TPU outsole, has a stacked heelWarranty: 3 months against manufacturing defect onlyWarranty provided by the brand owner / manufacturer", Brown
10002825,Stylo Bug Girls Turquoise Blue A-Line Dress,Stylo Bug,Girls,698,7,"Turquoise Blue printed woven A-line dress, has a round neck, sleeveless, concealed zip closure,, flared hem",Blue
10013703,PARFAIT Plus Size Women Black  Red Printed Lace Detail Hipster Brief 2805,PARFAIT,Women,899,2,"Black and red printed low-rise hipster briefs with lace detail, has an inner elasticated waistband with lace detail, double layered gusset", Red
10012713,MIAH Decor Set Of 5 Handcrafted Ceramic Kulladhs,MIAH Decor,Unisex,865,4,Set Of 5 Ceramic Kulladhs Pattern: PrintedFinish: GlossyMaterial: CeramicFeatures: Handcrafted,
10012875,JEWEL JUNCTION Gold-Toned Geometric Cufflinks,JEWEL JUNCTION,Men,539,5,A pair of gold-toned geometric textured cufflinksComes in a signature JEWEL JUNCTION case, Gold
10015997,Tokyo Talkies Women Black & Red Floral Print Fit and Flare Dress,Tokyo Talkies,Women,499,5,"Black and Red printed woven fit and flare %S, has a round neck, three-quarter sleeves, concealed zip closure, and flared hem", Red
10012771,SEJ by Nisha Gupta Set of 6 Printed Table Placemats,SEJ by Nisha Gupta,Unisex,899,4,Set content: 6 table matsShape: RectangleColour: Mustard yellow and greyPattern: PrintedSuitable For: 6 seater tableMaterial: Cotton,
10013055,Sera Women Black Printed Loose Fit Regular Shorts,Sera,Women,547,4,"Black and pink printed above knee length mid-rise-rise regular shorts, has two pockets", Black
10003213,Gini and Jony Boys Black & Grey Embroidered Regular Fit Shorts,Gini and Jony,Boys,839,3,"Black and grey embroidered, has a partially elasticated waistband, hook and bar closure, 4 pockets", Red
10014775,AccessHer Gold-Plated & Black Multistrand Head Chain,AccessHer,Women,559,3,Gold-plated and black multistranded head chain Secured with insert closure, Black
10002337,Bvlgari Women Splendida Iris D'Or Eau De Parfum 100 ml,Bvlgari,Women,10950,2,"NotesTop notes: Violet Leaves absolute, HeliotropeHeart notes: Orris abs, Mimosa absBase notes: Tonka beans, Heart of Vetiver, Sandalwood ess",
1000745,ahilya Sterling Silver Statement Ring,ahilya,Women,3875,4,"Sterling silver ring, has a circular detail withÂ multiple teardrop-shaped patterns", Silver
10009685,SPYKAR Women Blue Alexa Super Skinny Fit High-Rise Clean Look Stretchable Cropped Jeans,SPYKAR,Women,1214,7,"Blue medium wash 5-pocket high-rise cropped jeans, clean look, light fade, has a button and zip closure, and waistband with belt loops",Blue
10012429,FIDO DIDO Men Grey & Black Printed Colourblocked Polo Collar T-shirt,FIDO DIDO,Men,599,5,"Black and grey colourblocked printed T-shirt, has a round neck, short sleeves", Black
10017723,Parx Men Pink Slim Fit Solid Casual Shirt,Parx,Men,739,5,"Pink solid casual shirt, has a spread collar, long sleeves, button placket,  curved hem, one patch pocket", Pink
10017855,Parx Men Navy Blue Slim Fit Printed Casual Shirt,Parx,Men,739,5,"Navy Blue printed casual shirt, has a spread collar, long sleeves, button placket,  curved hem, one patch pocket",Blue
10013025,Sera Women White Self Design Top,Sera,Women,714,5,"White self-design knitted regular  top, has a round neck, sleeveless, and concealed zip closure", White
10001211,Bvlgari Women Omnia Crystalline Eau De Toilette 40 ml,Bvlgari,Women,5650,2,NotesTop notes: Airy Bamboo and Exotic Asian Fruit NashiHeart notes: Lotus BlossomBase notes: Elegant Woodsy,
10006003,ID Men Grey Solid Thong Flip-Flops,ID,Men,1685,5,A pair of grey solid flip flopsSynthetic upper materialCushioned footbedPatterned synthetic outsoleWarranty: 3 monthsWarranty provided by brand/manufacturer, Grey
10012841,JEWEL JUNCTION Silver-Toned Geometric Cufflinks,JEWEL JUNCTION,Men,539,4,A pair of silver-toned geometric solid cufflinksComes in a signature JEWEL JUNCTION case, Silver
10017423,DKNY Unisex Gold & White Printed Cabin Trolley Bag,DKNY,Unisex,14400,6,"Gold and white printed cabin trolley bag, secured with a TSA lockOne handle on the top and one on the side, has a trolley with a retractable handle on the top and four corner mounted inline skate wheelsOne main zip compartment, zip lining, two compression straps with click clasps, one zip compartment on the flap with three zip pocketsWarranty: 5 yearsWarranty provided by Brand Owner / Manufacturer", White
10000599,Parx Men Khaki Slim Fit Solid Regular Trousers,Parx,Men,839,5,"Khaki solid mid-rise regular trousers, has a button closure, four pockets", Khaki
10002809,Qraa Men Pack of 2 Face And Beard Wash 100gm each,Qraa Men,Men,336,1,"What It Is?:Qraa Men Pack of 2 Face And Beard Wash 100gm eachWhat It Does?:It's essential to feel fresh while maintaining the perfect charming look. Qraa's invigorating Face and Beard Wash is formulated with an amazing blend of natural botanicals, vitamins, antioxidants, and cleansers to cleanse your handsome face and your glorious beard without over-drying. Qraa men face and beard wash is a great addition to any men's beard grooming regimen. This ace and Beard Wash leaves beard hair clean, refreshed and soft. This wash is enriched with Olive Oil and a touch of Jojoba Seed Oil to create a rich lather to remove dirt, oil, and impurities while naturally-derived conditioners help maintain shine and moisture. It is gentle on the skin and effective enough to work on a rough, coarse beard, the face wash is enriched with natural ingredients that provide deep cleansing, clear skin, and a soft beard.Features:Hydrates, soothes and helps firm the skinCleanses the beard and face without over-dryingProvides essential nourishing elements to the skin cellsHelps eliminate odour trapped in the beardIngredients:Salicylic Acid, Ginseng Root Extract, Pro-Vitamin B5, Rosemary Leaf Oil",
10013641,PARFAIT Plus Size Blue Lace Underwired Lightly Padded Plunge Bra P5351,PARFAIT,Women,1749,2,Blue lace half-coverage Plunge bra Lightly Padded and Underwired seamless cups Regular straps and back closure Back style: Regular Feature: All Day Comfort,Blue
10000657,Lady Lyka Women Peach and Burgundy Pack of 2 Everyday Bras ENTIZER-11-PCH-WHN,Lady Lyka,Women,510,4,Pack of 2Peach and Burgundy solid medium-coverage Everyday braNon Padded and Non-Wired seamless cupsRegular straps and back closureBack style: RegularFeature: All Day Comfort, Burgundy
10005937,Difference of Opinion Men Olive Green Printed Round Neck T-shirt,Difference of Opinion,Men,499,5,T-shirt, Green
10001573,Michael Kors Women Eau de Toilette 50 ml,Michael Kors,Women,5715,2,"NotesTop Notes: Freesia, incense and chinese osmanthusHeart Notes: Tuberose, lily, peony and orris rootBase Notes:Tahitian vetiver, musk and cashmere wood",
10003809,Homesake Gold-Toned & White Solid Handcrafted Table Lamp with Shade,Homesake,Unisex,1732,5,Type: Handcrafted Table Lamp with ShadeColour: Gold-Toned and whitePattern: SolidShape: FrustumShade material: FabricBase material: AluminiumBulb Holder Type: E27Switch Type: Toggle ButtonComes with bulb, White
10006069,ID Men Black Leather Formal Derbys,ID,Men,1627,5,"A pair of black round-toed formal derbys, has central lace-upsLeather upperCushioned footbedTextured PU outsole, has a stacked heelWarranty: 3 months against manufacturing defect onlyWarranty provided by the brand owner / manufacturer", Black
10017501,Soie Brown Underwired Non Padded full coverage Everyday Bra FB-610CRIMSON,Soie,Women,693,5,Brown full-coverage Everyday braÂ Non Padded andÂ FlexibleÂ Underwired seamless three layered cupsCushioned front straps with laceÂ and back closureSandwiched brushed layer for no show apex, Red
10002079,GAS Women Navy Blue Regular Fit Mid-Rise Clean Look Stretchable Jeans,GAS,Women,3595,7,"Navy Blue dark wash 5-pocket mid-rise jeans, clean look, no fade, has a button and zip closure, and waistband with belt loops",Blue
10003807,Homesake Gold-Toned & Navy Blue Solid Handcrafted Table Lamp with Shade,Homesake,Unisex,1890,5,Type: Handcrafted Table Lamp with ShadeColour: Gold-Toned and navy bluePattern: SolidShape: FrustumShade material: FabricBase material: AluminiumBulb Holder Type: E27Switch Type: Toggle ButtonComes with bulb,Blue
10004165,HIGHLANDER Men Navy Blue & Grey Slim Fit Striped Regular Trousers,HIGHLANDER,Men,1299,5,"Navy Blue and grey striped mid-rise regular trousers, has a button closure, four pockets",Blue
10013269,WITH Men Black Slim Fit Solid Casual Shirt,WITH,Men,684,5,"Black solid casual shirt, has a spread collar, long sleeves, button placket,  curved hem, one patch pocket", Black
10006075,ID Men Black Leather Formal Derbys,ID,Men,2685,5,"A pair of black round-toed formal derbys, has central lace-upsLeather upper, has a textured detailCushioned footbedTextured PU outsole, has a stacked heelWarranty: 3 months against manufacturing defect onlyWarranty provided by the brand owner / manufacturer", Black
10009637,SPYKAR Women White Alexa Super Skinny Fit High-Rise Clean Look Stretchable Ankle Jeans,SPYKAR,Women,1999,7,"White light wash 5-pocket high-rise jeans, clean look, no fade, has a button and zip closure, and waistband with belt loops", White
10017093,ZUSH Plus Size Women Black Regular Fit Mid-Rise Clean Look Jeans,ZUSH,Women,1299,5,"Black dark wash five-pocket mid-rise jeans, clean look with heavy fade, has a button and zip closure, waistband with belt loops", Black
10017355,Story@home Mustard Floral 210 TC Cotton 1 King Bedsheet with 2 Pillow Covers,Story@home,Unisex,1199,5,Set content: 1 King bedsheet with 2 pillow coversQuality: SuperfineThread count: 210Colour: MustardPattern: Floral, Mustard
10017447,DKNY Unisex Gold & White Printed Large Trolley Bag,DKNY,Unisex,16225,7,"Gold and white printed large trolley bag, secured with a TSA lockOne handle on the top and one on the side, has a trolley with a retractable handle on the top and four corner mounted inline skate wheelsOne main zip compartment, zip lining , two compression straps with click clasps, one zip compartment on the flap with three zip pocketsWarranty: 5 yearsWarranty provided by Brand Owner / Manufacturer", White
10017013,Campus Sutra Men Green & Navy Blue Regular Fit Checked Casual Shirt,Campus Sutra,Men,511,5,"Green and navy blue checked casual shirt, has a spread collar, long sleeves, button placket, curved hem, and 1 patch pocket",Blue
10017053,Campus Sutra Men Navy & Grey Melange Standard Regular Fit Colourblocked Casual Shirt,Campus Sutra,Men,1299,5,"Navy blue and grey melange colourblocked casual shirt, has a mandarin collar, long sleeves, button placket, and curved hem", Grey
10017599,Parx Men Blue Slim Fit Checked Casual Shirt,Parx,Men,699,5,"Blue checked casual shirt, has a spread collar, long sleeves, button placket,  curved hem, one patch pocket",Blue
10002785,JBN Creation Boys Maroon & Brown Sherwani Set,JBN Creation,Boys,1154,5,"Maroon and brown sherwaniMaroon woven design sherwani, has a mandarin collar, a full button placket, a welt pocket, multipple slitsComes with a pocket squareA pair of brown mid-rise pyjama with gathers and pleats, has an elasticated waistband", Brown
1000905,U.S. Polo Assn. Kids Boys Navy Hooded Sweatshirt,U.S. Polo Assn. Kids,Boys,1234,4,"Navy sweatshirt with applique', has an attached hood with drawstring 
fastening, a full press-button placket with a concealed full zip closure
 on the front, long sleeves with elbow patches, four pockets, and an 
inner fleece lining", Navy
10001445,Bvlgari Women Omnia Paraiba Eau De Toilette Perfume 65 ml,Bvlgari,Women,7000,2,"Bvlgari Omnia Paraiba Eau De Toilette captures the myriad scents of floral, fruity and tropical notes. Features: Top notes: passion fruit, bitter orangeHeart notes: Passion flower and Brazilian gardeniaBase notes: etiver and Cocoa.",
10013603,PARFAIT Plus Size Black Solid Underwired Lightly Padded Everyday Bra P5011,PARFAIT,Women,1819,5,Black solid medium-coverage everyday bra with lace detailLightly padded and underwired seamless cupsMultiway straps and back closureBack style: RegularFeature: Side Bone, Red
10013585,PARFAIT Plus Size Beige Self Design Underwired Non Padded Minimizer Bra P5272,PARFAIT,Women,1749,2,Beige self design full-coverage Minimizer braNon Padded and Underwired cut and sew cupsRegular straps and back closureBack style: RegularFeature: All Day Comfort, Red
10012865,JEWEL JUNCTION Silver-Toned Geometric Cufflinks,JEWEL JUNCTION,Men,539,4,A pair of silver-toned geometric solid cufflinksComes in a signature JEWEL JUNCTION case, Silver
10017417,DKNY Unisex Black Large Trolley Bag,DKNY,Unisex,13995,7,"Black textured large trolley bag, secured with a TSA lockOne handle on the top and one on the side, has a trolley with a retractable handle on the top and four corner mounted inline skate wheelsOne main zip compartment, an inner mesh zip compartment, two compression straps with click clasps and one zip compartment on the flap with a zip pocketWarranty: 5 yearsWarranty provided by Brand Owner / Manufacturer", Black
1001423,DressBerry Off-White Sequinned Top,DressBerry,Women,699,5,"Off-white top, has a round neck, short sleeves, sequinned detail along the bodice, ruffled detail along the curved hem", White
10017719,Parx Men Blue Slim Fit Checked Casual Shirt,Parx,Men,734,5,"Blue checked casual shirt, has a spread collar, long sleeves, button placket,  curved hem, one patch pocket",Blue
10014659,BuckleUp Women Blue Textured Belt,BuckleUp,Women,449,5,Blue textured beltSecured with a tang closureWarranty: 1 monthWarranty provided by brand/manufacturer,Blue
10003183,Gini and Jony Boys Black & White Regular Fit Printed Trousers,Gini and Jony,Boys,1049,3,"Black and white printed mid-rise trousers, hook and bar closure, and 4 pockets", Black
10013567,PARFAIT Plus Size Women Lavender Lace Boy Shorts 2805,PARFAIT,Women,899,2,"Lavender lace low-rise boy shorts, has an inner elasticated waistband with bow detailing, double layered gusset", Lavender
10001975,Bvlgari Goldea Women The Roman Night Eau De Parfum 75 ml,Bvlgari,Women,9750,3,The Roman Night Eau De Parfum, Gold
10017747,Parx Men Maroon Slim Fit Printed Casual Shirt,Parx,Men,717,5,"Maroon printed casual shirt, has a spread collar, long sleeves, button placket,  curved hem, one patch pocket", Maroon
10015929,ColorPlus Men Blue Regular Fit Checked Formal Trousers,ColorPlus,Men,1199,5,"Blue checked mid-rise formal trousers, has a button closure, four pockets",Blue
10017913,Parx Men Off-White & Blue Slim Fit Printed Casual Shirt,Parx,Men,764,5,"Off-white and blue printed casual shirt, has a spread collar, short sleeves, button placket, curved hem, one patch pocket",Blue
10004129,HIGHLANDER Men Grey Slim Fit Self Design Regular Trousers,HIGHLANDER,Men,1299,5,"Grey self-design mid-rise trousers, button closure and four pockets", Grey
10012919,Parx Men Beige Slim Fit Solid Regular Trousers,Parx,Men,919,5,"Beige solid mid-rise regular trousers, has a button closure, four pockets", Beige
10015983,Tokyo Talkies Women Green Solid Top,Tokyo Talkies,Women,699,5,"Green solid regular top,has v-neck,bell sleeves", Green
10014677,BuckleUp Women Tan Textured Belt,BuckleUp,Women,449,5,Tan textured beltReversible: NoStretchable: NoSecured with a tangWarranty: 1 monthWarranty provided by brand/manufacturer, Red
10009715,SPYKAR Women Black Alexa Super Skinny Fit High-Rise Clean Look Stretchable Jeans,SPYKAR,Women,1999,7,"Black dark wash 5-pocket high-rise jeans, clean look, no fade, has a button and zip closure, and waistband with belt loops", Black
10012733,MIAH Decor Set Of 2 Ceramic Bowls,MIAH Decor,Unisex,989,4,Set Of 2 Ceramic Bowls Pattern: PrintedFinish: GlossyMaterial: Ceramic,
10012349,Lakme Absolute Matte Melt Liquid Lip Color - 21 Mauve Mix 6 ml,Lakme,Women,400,4,Lakme Absolute Matte Melt Liquid Lip ColorShade name:Â 21 Mauve Mix, Matte
10017079,Campus Sutra Men Blue & White Ombre-Dyed Henley Neck T-shirt,Campus Sutra,Men,699,5,"Blue and white ombre-dyed T-shirt, has a Henley neck, and short sleeves",Blue
10002675,Allen Solly Woman Women White Printed Top,Allen Solly Woman,Women,740,5,"White printed woven regular  top, has a round neck, and long sleeves", White
10003177,Palm Tree Girls Pink Solid Bomber Jacket,Palm Tree,Girls,1499,5,"Pink solid bomber jacket, has a stand collar, 2 pockets, zip closure, long sleeves, straight hem, and polyester lining", Pink
10013677,PARFAIT Plus Size Purple  Pink Lace Underwired Lightly Padded T-shirt Bra P5581,PARFAIT,Women,1189,3,Purple and pink lace medium-coverage T-shirt braLightly Padded and Underwired seamless cupsRegular straps and back closureBack style: RegularFeature: All Day Comfort, Red
1001774,Arrow Taupe Tapered Fit Formal Trousers,Arrow,Men,1169,6,"A pair of taupe mid-rise formal trousers, has a zip fly with a button closure and a concealed hook-and-bar closure, an adjustableÂ autoflexÂ waistband with belt loops, four pockets, and adjustable hemsOur stylist has paired these trousers with a beltThis pair of trousers does not come with a belt ", Red
10012959,JEWEL JUNCTION Silver-Toned Geometric Cufflinks,JEWEL JUNCTION,Men,539,5,A pair of silver-toned and black geometric printed cufflinksComes in a signature JEWEL JUNCTION case, Silver
10005885,Difference of Opinion Men Mustard Yellow Solid Round Neck T-shirt with Printed Detailing,Difference of Opinion,Men,499,5,"Mustard yellow solid T-shirt, has a round neck, and long sleeves", Yellow
10012497,AccessHer Women Gold-Plated & White Kundan-Studded Flower-Shaped Nosepin,AccessHer,Women,267,4," Oxidised gold-plated and white flower-shaped nosepin, has kundan-studded detail  Secured with a clip-on closure ", White
10004169,HIGHLANDER Men Grey & Black Striped Round Neck T-shirt,HIGHLANDER,Men,699,5,"Grey and Black striped T-shirt, has round neck, short sleeves", Black
10000775,Lady Lyka Women Pack of 2 Beginners Bras TEENAGER-RED-WHT,Lady Lyka,Women,425,5,Red and white solid medium-coverage beginners brasNon Padded and Non-Wired cut and sew cupsRegular straps and back closureBack style: RegularFeature: All Day Comfort, Red
10017441,DKNY Unisex Silver Medium Trolley Bag,DKNY,Unisex,12375,7,"Silver textured medium trolley bag, secured with a TSA lockOne handle on the top and one on the side, has a trolley with a retractable handle on the top and four corner mounted inline skate wheelsOne main zip compartment, an inner mesh zip compartment, two compression straps with click clasps and one zip compartment on the flap with a zip pocketWarranty: 5 yearsWarranty provided by Brand Owner / Manufacturer", Silver
10016679,Raymond Men Green Printed Polo Collar T-shirt,Raymond,Men,944,5,"Green printed T-shirt, has a polo collar, short sleeves", Green
10012371,Lakme Absolute Matte Melt Liquid Lip Color - 23 Pink Poison 6 ml,Lakme,Women,400,4,Lakme Absolute Matte Melt Liquid Lip ColorShade name:Â 23 Pink Poison, Pink
10012335,Lakme Absolute Mattreal Mousse Concealer - Caramel 04 9 g,Lakme,Women,480,5,Lakme Absolute Mattreal Mousse ConcealerShade name:Â CaramelÂ 04,
10001931,DAVID BECKHAM Men Respect Eau De Toilette 90 ml,DAVID BECKHAM,Men,1740,3,"NotesTop notes: Grapefruit, Watermelon, Pink PepperHeart notes: Cardamom, Lavendin, BasilBase notes: Vetiver, Patchouli, Moss",
10014817,AccessHer Gold-Toned & Yellow Classic Drop Earrings,AccessHer,Women,540,4,Gold-Toned and Yellow Classic Earrings and gold-plated Secured with a post and back, Yellow
10002341,MANGO Women Black & Yellow Floral Print Layered Top,MANGO,Women,1596,6,"Black and yellow printed woven layered top, has a tie-up neck, sleeveless, and button closure", Red
10004325,Park Avenue Women Maroon Self Design Top,Park Avenue,Women,569,5,"Maroon self-design regular top, has a round neck, long sleeves, lace insert detail", Maroon
1000717,ahilya Maroon Gold-Plated Sterling Silver Hoop Earrings,ahilya,Women,5998,3,"A pair of maroon gold-plated sterling silver hoop earrings, has floral detail with multiple multifaceted stone embellishments, and a jhumki dangler with a clusterÂ of beadsSecured with a stylised insert closure", Maroon
10014941,AccessHer Gold-Plated & Black Beaded Mangalsutra,AccessHer,Women,320,3,"Gold-plated and black beaded mangalsutra, handcrafted with vilandi Kundan, secured with an golden adustable chain", Black
10000747,Lady Lyka Women Beige and White Pack of 2 Beginners Bras ATHLETE-SKN-WHT-Multi,Lady Lyka,Women,425,5,Pack of 2 Beige and white solid medium-coverage beginners braNon Padded and Non-Wired cut and sew cupsRegular straps and back closureBack style: RegularFeature: All Day Comfort, White
10017391,Story@home Blue & Pink Floral 210 TC Cotton 1 King Bedsheet with 2 Pillow Covers,Story@home,Unisex,1199,4,Set content: 1 King bedsheet with 2 pillow coversQuality: SuperfineThread count: 210Colour: Blue and PinkPattern: Floral,Blue
10015151,Urban Dog Men Charcoal Black Printed Regular Fit Sports Shorts,Urban Dog,Men,399,5,"Charcoal balack printed mid-rise sports shorts, has two pockets, a drawstring closure", Black
10006081,ID Men Beige Solid Leather Mid-Top Flat Boots,ID,Men,3285,5,"A pair of round-toe beige flat boots, has mid-top styling, lace-up detailLeather upperCushioned footbedTextured and patterned outsoleWarranty: 3 monthsWarranty provided by brand/manufacturer", Beige
10017167,Carrera Men Tan Brown Flat Boots,Carrera,Men,5299,5,"A pair of round-toe tan brown flat boots, has regular styling, lace-up detailSynthetic Leather upperCushioned footbedTextured and patterned outsoleWarranty: 1 monthWarranty provided by brand/manufacturer", Brown
10017347,Story@home Olive Green & Grey Geometric 210 TC Cotton 1 King Bedsheet with 2 Pillow Covers,Story@home,Unisex,1399,5,Set content: 1 King bedsheet with 2 pillow coversQuality: FineThread count: 210Colour: Olive Green and GreyPattern: Geometric, Green
10017031,Campus Sutra Men Red & Black Standard Regular Fit Checked Casual Shirt,Campus Sutra,Men,699,5,"Red and black checked casual shirt, has a spread collar, short sleeves, button placket, and curved hem", Red
10003277,Gini and Jony Boys Black Regular Fit Solid Chinos,Gini and Jony,Boys,839,3,"Black solid mid-rise chinos, has hook-and-bar and zip closure, 5 pockets", Black
10017363,Story@home Green & White Floral 210 TC Cotton 1 King Bedsheet with 2 Pillow Covers,Story@home,Unisex,1199,5,Set content: 1 King bedsheet with 2 pillow coversQuality: FineThread count: 210Colour: Green and WhitePattern: Floral, Green
10017439,DKNY Unisex Maroon Solid Leather Backpack with Pouch,DKNY,Unisex,9765,7,Maroon backpackPadded haul loop3 and more main compartments with zip closurePadded backZip PocketPadded shoulder strap: PaddedWater-resistance: Yes       Comes with a pouchWarranty: 5 yearsWarranty provided by brand/manufacturer, Maroon
10000553,Parx Men Khaki Tapered Fit Solid Regular Trousers,Parx,Men,804,5,"Khaki solid mid-rise regular trousers, has a button closure, four pockets", Red
10017481,Soie Green Self Design Underwired Non Padded Everyday Bra FB-610,Soie,Women,728,5,Green full-coverage Everyday braÂ Non Padded andÂ FlexibleÂ Underwired seamless three layered cupsCushioned front straps with laceÂ and back closureSandwiched brushed layer for no show apex, Green
10012373,Raymond Men Maroon Striped Polo Collar T-shirt,Raymond,Men,999,5,"Maroon striped T-shirt, has polo collar, short sleeves", Maroon
10012355,Lakme Absolute Matte Melt Liquid Lip Color - 15 Rose Love 6 ml,Lakme,Women,400,4,Lakme Absolute Matte Melt Liquid Lip ColorShade name:Â 15 Rose Love, Matte
10003051,Gini and Jony Girls Navy Blue Denim Striped Pinafore Dress,Gini and Jony,Girls,1539,3,"Navy blue striped denim woven pinafore dress, has adjustable shoulder straps, sleeveless, concealed zip closure, and flared hem",Blue
10013691,PARFAIT Plus Size Black Solid Underwired Lightly Padded Everyday Bra 4815,PARFAIT,Women,1609,4,Black solid medium-coverage Everyday bra Lightly Padded and Underwired seamless cups Multiway straps and back closure Back style: Regular Feature: All Day Comfort, Red
10017847,Parx Men White & Blue Slim Fit Printed Casual Shirt,Parx,Men,639,5,"White and blue printed casual shirt, has a spread collar, long sleeves, button placket,  curved hem, one patch pocket",Blue
10015167,Urban Dog Men Black Printed Regular Fit Sports Shorts,Urban Dog,Men,399,5,"Black printed mid-rise sports shorts, has two pockets, a drawstring closure", Black
10017043,Campus Sutra Men Blue Standard Regular Fit Checked Casual Shirt,Campus Sutra,Men,599,5,"Blue checked casual shirt, has a spread collar, long sleeves, button placket, curved hem, and 1 patch pocket",Blue
10016271,EthnoVogue Women Coral Pink & Orange Printed Made to Measure Printed Maxi Dress,EthnoVogue,Women,4573,6,"Coral pink and orange printedÂ made to measure maxi dressCoral pink and orange printed made to measure maxi dress, has a round-neck, short sleeves,Â  concealed side zip closure, padded cups, has embellished detailing, attached lining with mesh detailing, flared hemWhat is Made to Measure? Customised gown according to your Bust and Length. So please refer to the Size Chart to pick your perfect size.How to measure bust?Measure under your arms and around your chest to find your bust size in inchesHow to measure Gown length?Measure from shoulder till barefoot to find dress length in inches", Pink
10013487,PARFAIT Plus Size Black Solid Underwired Lightly Padded T-shirt Bra 4812,PARFAIT,Women,1609,2,Black solid medium-coverage T-shirt bra Lightly Padded and Underwired seamless cups Regular straps and back closure Back style: Regular Feature: All Day Comfort, Red
10000811,Lady Lyka Women Brown and Grey Pack of 2 Everyday Bras COULOUR-POP-BRN-GRY,Lady Lyka,Women,425,5,Pack of 2 Brown and grey solid medium-coverage Everyday braNon Padded and Non-Wired cut and sew cupsRegular straps and back closureBack style: RegularFeature: All Day Comfort, Brown
10013707,PARFAIT Plus Size Women Navy Blue Solid Hipster Brief P5645,PARFAIT,Women,899,3,"Navy blue solid low-rise hipster briefs with lace detail, has an inner elasticated waistband, double layered gusset",Blue
10015985,Tokyo Talkies Women Burgundy Solid Top,Tokyo Talkies,Women,293,5,Burgundy solid regular  fit, Burgundy
10017651,Parx Men Blue & Yellow Slim Fit Checked Casual Shirt,Parx,Men,839,5,"Blue and yellow checked casual shirt, has a spread collar, long sleeves, button placket,  curved hem, one patch pocket",Blue
10002753,ROMEE Grey & Red Floral AC Room 300 GSM Single Bed Dohar,ROMEE,Unisex,1999,5,Set content: Single bed dohar  Usage: AC Room  GSM: 300  Colour: Grey and Red  Pattern: Floral Dohar, Red
10017113,ZUSH Plus Size Women Black Regular Fit Mid-Rise Clean Look Jeans,ZUSH,Women,1249,5,"Black dark wash five-pocket mid-rise jeans, clean look with heavy fade, has a button and zip closure, waistband with belt loops", Black
10000697,Lady Lyka Women Maroon and Beige Pack of 2 Everyday Bras MONALISA-MRN-SKN-Multi,Lady Lyka,Women,593,4,Pack of 2 Maroon and beige solid medium-coverage Everyday braNon Padded and Non-Wired cut and sew cupsRegular straps and back closureBack style: RegularFeature: All Day Comfort, Beige
10013243,TAYHAA White Solid Rectangular Photo Frame,TAYHAA,Unisex,350,4,Set Content: 1 photo frame Colour: White Frame Pattern: Solid Shape: Rectangular Type: Single Material: Acrylic , White
10003303,Gini and Jony Boys Navy Blue Slim Fit Printed Regular Trousers,Gini and Jony,Boys,1189,3,"Navy Blue printed mid-rise knitted regular trousers, button closure, zip fly and 5 pockets",Blue
10013787,Ishin Women Red & Gold-Toned Hem Design Wide Leg Palazzos,Ishin,Women,524,5,"A pair of Red and Golden hem design woven wide leg fit Palazzos, opaque, and slip-on closure", Red
10001425,Shoe Couture Women White & Black Applique Detail Sneakers,Shoe Couture,Women,1214,7,"A pair of round-toe white & black sneakers, has regular styling, lace-up detailSynthetic upper with applique detailCushioned footbedTextured and patterned outsoleWarranty: 1 monthWarranty provided by brand/manufacturer", Black
10012725,MIAH Decor Multicoloured Coffee Mugs Cum Serving Tea Cups Set,MIAH Decor,Unisex,974,4,Pattern: PrintedFinish: GlossyMaterial: Ceramic, Red
10017587,Parx Men Red & Blue Slim Fit Checked Casual Shirt,Parx,Men,779,5,"Red and blue checked casual shirt, has a spread collar, long sleeves, button placket,  curved hem, one patch pocket",Blue
10014735,WITH Men Pack of 2 Printed Pure Cotton Boxers WB43-WB54,WITH,Men,612,5,"Pack of two printed regular-fit boxers in green and blue, each has an inner elasticated waistband, button fly, slip-on closure",
10013519,PARFAIT Plus Size Red Lace Underwired Non Padded Everyday Bra P5392,PARFAIT,Women,1679,2,Red lace medium-coverage Everyday braNon Padded and Underwired cut and sew cupsRegular straps and back closureBack style: RegularFeature: All Day Comfort, Red
10013727,PARFAIT Plus Size Women Navy Blue  White Solid Bikini Briefs PP503,PARFAIT,Women,499,3,"Navy blue and white solid bikini briefs with lace detail, has an elasticated waistband with bow detailing, double layered gusset",Blue
10011181,HARBORNBAY Men Navy Blue & Grey Striped Henley Neck T-shirt,HARBORNBAY,Men,448,5,"Navy Blue and Grey striped T-shirt, has a Henley neck, button closure and short sleeves",Blue
10005911,Difference of Opinion Men Black Printed Round Neck T-shirt,Difference of Opinion,Men,499,5,"Black printed T-shirt, has a round neck, long sleeves", Black
10009771,SPYKAR Women Blue Alicia Super Skinny Fit Low-Rise Clean Look Stretchable Cropped Jeans,SPYKAR,Women,989,7,"Blue light wash 5-pocket low-rise cropped jeans, clean look, heavy fade, has a button and zip closure, and waistband with belt loops",Blue
10012909,Parx Men Blue Slim Fit Self Design Regular Trousers,Parx,Men,879,5,"Blue self-design mid-rise regular trousers, has a button closure, four pockets",Blue
10000729,Lady Lyka Women Beige and White Pack of 2 Everyday Bras SONAL-SKN-WHT-Multi,Lady Lyka,Women,678,5,Pack of 2 Beige and white solid medium-coverage Everyday braNon Padded and Non-Wired cut and sew cupsRegular straps and back closureBack style: RegularFeature: All Day Comfort, White
10005261,Gini and Jony Boys Navy Blue Dyed Printed Round Neck T-shirt,Gini and Jony,Boys,699,3,"Navy Blue dyed printed T-shirt, has a round neck, short sleeves, and 1 pocket",Blue
10003011,Palm Tree Girls Cream-Coloured & Yellow Floral Print A-Line Dress with Belt,Palm Tree,Girls,629,3,"Cream-Coloured, yellow and brown floral print woven A-line dress, has a round neck, short sleeves, button closure, and flared hemComes with a belt", Red
10015913,Raymond Men Grey Slim Fit Solid Formal Trousers,Raymond,Men,1299,5,"Grey solid mid-rise formal trousers, has a zip closure, four pockets", Grey
10012845,JEWEL JUNCTION Gold-Toned Geometric Cufflinks,JEWEL JUNCTION,Men,539,5,A pair of gold-toned geometric solid cufflinks, Gold
10017407,Story@home Multicoloured Geometric 210TC Cotton 1 King Bedsheet with 2 Pillow Covers,Story@home,Unisex,1399,4,Set content: 1 King bedsheet with 2 pillow coversQuality: FineThread count: 210Colour: MulticolouredPattern: Geometric, Red
10003085,Palm Tree Boys White & Grey Printed Polo Collar T-shirt,Palm Tree,Boys,629,4,"White and grey printed T-shirt, has a polo collar, and short sleeves", White
10009711,SPYKAR Women Blue Elissa Bootcut High-Rise Clean Look Stretchable Ankle Jeans,SPYKAR,Women,1099,7,"Blue dark wash 5-pocket high-rise jeans, clean look, light fade, has a button and zip closure, and waistband with belt loops",Blue
10006049,ID Men Beige Leather Derbys,ID,Men,2985,5,"A pair of round-toe beige derbys, has regular styling, lace-up detailLeather upperCushioned footbedTextured and patterned outsoleWarranty: 3 monthsWarranty provided by brand/manufacturer", Beige
10015937,Keds Women Multicoloured Iridescent Effect Slip-On Sneakers,Keds,Women,3899,5,"A pair of round-toe multicoloured iridescent effect slip-on sneakers, has regular styling, slip-on detailLeather upperCushioned footbedTextured and patterned outsoleWarranty: 3 monthsWarranty provided by brand/manufacturer", Red
10017629,Parx Men Blue Slim Fit Colourblocked Casual Shirt,Parx,Men,759,5,"Blue colourblocked casual shirt, has a spread collar, long sleeves, button placket,  curved hem, one patch pocket",Blue
10004201,Parx Men Grey Solid Sweater,Parx,Men,944,5,"Grey solid sweater, has a V-neck, long sleeves, ribbed hem", Grey
10003823,Homesake Gold-Toned & Navy Blue Solid Handcrafted Table Lamp with Shade,Homesake,Unisex,1732,5,Type: Handcrafted Table Lamp with ShadeColour: Gold-Toned and navy bluePattern: SolidShape: FrustumShade material: FabricBase material: AluminiumBulb Holder Type: E27Switch Type: Toggle ButtonComes with bulb,Blue
10017743,Parx Men Grey Slim Fit Printed Casual Shirt,Parx,Men,759,5,"Grey printed casual shirt, has a spread collar, long sleeves, button placket,  curved hem, one patch pocket", Grey
10013421,SEJ by Nisha Gupta Blue & Pink Printed Wooden Open Dry Bin,SEJ by Nisha Gupta,Unisex,999,3,Set content: 1 open dry binColour: Blue and pinkPattern: Ethnic printShape: Rectangular,Blue
10002767,Rozia Women Hair Dryer HC8307,Rozia,Women,1091,5,What It Is?:Rozia Women Hair Dryer HC83073 heat + 2 speed settings: It has three variable heat settings and 2 speed settings to be of optimum useCool shot to set your style: cool shot releases cool hair to set the style in place and keep your hair in shapeHanging loop for easy storage: the travel hair dryer has a hanging loop guard for convenient storage and a variety of placement optionsRemovable filter: the removable air filter keeps your dryer working at peak efficiency and is easy to clean,
10006053,ID Men Olive Green Leather Derbys,ID,Men,2985,5,"A pair of round-toe olive green derbys, has regular styling, lace-up detailLeather upperCushioned footbedTextured and patterned outsoleWarranty: 3 monthsWarranty provided by brand/manufacturer", Green
10003439,Gini and Jony Girls Blue Printed Round Neck T-shirt,Gini and Jony,Girls,629,3,"Blue printed T-shirt, has a round neck, and short sleeves",Blue
10007597,her by invictus Women Red Cushioned Slip-Ons,her by invictus,Women,944,6,"A pair of pointed toe red slip-ons with comfort lining and foam cushioned footbed for your work-from-home needs. It has regular styling, slip-on detailSynthetic Suede upperFoam cushioned footbedTextured and patterned outsole", Red
10011163,HARBORNBAY Women Red & Silver Printed Round Neck T-shirt,HARBORNBAY,Women,401,5,"Red and Silver-toned printed T-shirt, has a round neck, and short sleeves", Red
10002869,Aj DEZInES Boys Red Printed Kurta with Pyjamas,Aj DEZInES,Boys,389,5,"Red printed kurta with pyjamas Red straight above knee kurta, has a mandarin collar, long sleeves, straight hem, side slitsRed  Solid pyjamas, has elasticated waistband, slip-on closure", Red
10003027,Gini and Jony Boys Blue Regular Fit Mid-Rise Clean Look Stretchable Jeans,Gini and Jony,Boys,979,3,"Blue medium wash 5-pocket mid-rise jeans with applique detail, clean look, light fade, has a button and zip closure, and waistband with belt loops",Blue
10014845,AccessHer Gold-Plated & Blue Geometric Drop Earrings,AccessHer,Women,443,3,"Gold-Toned and Blue Geometric Earrings, gold-plated, and has artificial stones Secured with a post and back",Blue
10013073,Monte Carlo Women Navy Blue Skinny Fit Mid-Rise Clean Look Jeans,Monte Carlo,Women,1501,5,"Navy Blue dark wash 5-pocket mid-rise jeans, clean look, light fade, has a button and zip closure, and waistband with belt loops",Blue
10000751,Lady Lyka Women Pack of 2 Beginners Bras TEENAGER-SKN-BLK,Lady Lyka,Women,425,5,Black and beige solid medium-coverage beginners brasNon Padded and Non-Wired cut and sew cupsRegular straps and back closureBack style: RegularFeature: All Day Comfort,
10006039,ID Men Tan Brown Comfort Sandals,ID,Men,1785,5,A pair of tan comfort sandalsSynthetic upper with slip-on closureCushioned footbedPatterned synthetic outsoleWarranty: 3 monthsWarranty provided by brand/manufacturer, Brown
10000641,Parx Men Khaki Slim Fit Solid Regular Trousers,Parx,Men,839,5,"Khaki solid mid-rise regular trousers, has a button closure, four pocketsNote: The stylist has paired this pair of trousers with a belt. This pair of trousers does not come with a belt.", Khaki
10013523,PARFAIT Plus Size Nude-Coloured Solid Underwired Lightly Padded Balconette Bra P5011,PARFAIT,Women,1819,4,Nude-coloured solid medium-coverage Balconette braLightly Padded and Underwired seamless cupsMultiway straps and back closureBack style: RegularFeature: All Day Comfort, Red
10000667,Lady Lyka Women Black and Beige Pack of 2 Everyday Bras MONALISA-BLK-SKN,Lady Lyka,Women,593,4,Pack of 2Black and Beige solid medium-coverage Everyday braNon Padded and Non-Wired cut and sew cupsRegular straps and back closureBack style: RegularFeature: All Day Comfort, Black
10013673,PARFAIT Plus Size Beige Solid Underwired Lightly Padded Plunge Bra P5490,PARFAIT,Women,1679,3,Black solid half-coverage plunge braÂ Â Lightly Padded and Underwired seamless cupsRegular straps and back closureBack style: Styled backFeature: All Day Comfort, Red
10002963,Gini and Jony Boys Blue Slim Fit Mid-Rise Clean Look Jeans,Gini and Jony,Boys,1019,5,"Blue medium-wash 5-pocket mid-rise jeans, clean look, light fade, and has a button and zip closure",Blue
1000718,ahilya Imperial Filigree Collection Gold-Plated Sterling Silver Drop Earrings,ahilya,Women,6120,2,"A pair of gold-plated sterling silver drop earrings, has a stylised dangler with cut-out detail, a faceted beaded dropSecured with a fish-hook ear wire", Gold
10000281,Parx Men White Printed Polo Collar T-shirt,Parx,Men,679,5,"White printed t-shirt, has a polo collar, short sleeves", White
10017857,Parx Men Navy Blue Slim Fit Printed Casual Shirt,Parx,Men,719,5,"Navy blue printed casual shirt, has a spread collar, long sleeves, button placket, curved hem, one patch pocket",Blue
10009743,SPYKAR Women Blue Alexa Super Skinny Fit High-Rise Clean Look Stretchable Jeans,SPYKAR,Women,999,7,"Blue dark wash 5-pocket high-rise jeans, clean look, light fade, has a button and zip closure, and waistband with belt loops",Blue
10013425,SEJ by Nisha Gupta Mustard & Blue Printed Wooden Open Dry Bin,SEJ by Nisha Gupta,Unisex,999,3,Set content: 1 open dry binColour: Mustard and bluePattern: Ethnic printShape: Rectangular,Blue
10013405,SEJ by Nisha Gupta Orange & Pink Printed Wooden Open Dry Bin,SEJ by Nisha Gupta,Unisex,999,3,Set content: 1 open dry binColour: Orange and pinkPattern: Floral printShape: Rectangular, Pink
10016003,Tokyo Talkies Women Teal Floral Printed Peplum Top,Tokyo Talkies,Women,699,5,Teal printed peplum  fit,
10012971,JEWEL JUNCTION Silver-Toned Geometric Cufflinks,JEWEL JUNCTION,Men,539,5,A pair of silver-toned and black geometric printed cufflinksComes in a signature JEWEL JUNCTION case, Silver
10003597,Gini and Jony Girls Chambray Blue & White Printed Chambray Top with Shorts,Gini and Jony,Girls,1469,5,"This clothing set consists of top and shortsBlue and white chambray printed bardot top, has off-shoulder neck, three-quarter sleevesBlue and white chambray printed shorts, has a slip-on closure, two pockets",Blue
10001003,Bvlgari Women Rose Goldea Eau De Perfume 90 ml,Bvlgari,Women,10950,2,Rose Goldea Eau De Parfum, Gold
10015161,Urban Dog Men Navy Blue Printed Regular Fit Sports Shorts,Urban Dog,Men,399,4,"Navy Blue printed mid-rise sports shorts, has two pockets, a drawstring closure",Blue
10004157,HIGHLANDER Men Purple & Beige Slim Fit Printed Casual Shirt,HIGHLANDER,Men,699,5,"Purple and beige printed casual shirt, has a spread collar, long sleeves, button placket,  curved hem, one patch pocket", Beige
10002837,VASTRAMAY Boys Brown & Blue Solid Kurta with Churidar & Jacket,VASTRAMAY,Boys,1469,4,"Brown and blue solid kurta with churidarBrown straight knee length kurta, has a mandarin collar, long sleeves, straight hemBrown solid churidar, slip-on closureComes with blue self design jacket, has mandarin collar, sleeveless, button closure",Blue
10017415,DKNY Unisex Black & Grey Printed Cabin Trolley Bag,DKNY,Unisex,10800,6,"Black and grey printed cabin trolley bag, secured with a TSA lockOne handle on the top and one on the side, has a trolley with a retractable handle on the top and four corner mounted inline skate wheelsOne main zip compartment, zip lining, two compression straps with click clasps, one zip compartment on the flap with three zip pocketsWarranty: 5 yearsWarranty provided by Brand Owner / Manufacturer", Black
10012803,SEJ by Nisha Gupta Set of 4 Green & Blue Printed Table Placemats,SEJ by Nisha Gupta,Unisex,799,4,Set content: 4 table mats Shape: Rectangle Colour: Green and blue Pattern: Printed Suitable For: 4 seater table Material: Cotton ,Blue
10003505,Palm Tree Girls Burgundy Printed Round Neck T-shirt,Palm Tree,Girls,349,3,"Burgundy printed T-shirt, has a round neck, long sleeves", Burgundy
10001527,Bvlgari Splendida Women Rose Eau De Parfum 50 ml,Bvlgari,Women,7650,2,"NotesTop notes: Mandarin Orange and BlackberryHeart notes: Damask RoseBase notes: Patchouli, Sandalwood, Vetiver and Musk", Rose
10000215,Parx Men Pink & Blue Striped Polo Collar T-shirt,Parx,Men,559,5,"Pink and blue striped T-shirt, has polo collar, short sleeves",Blue
10003695,even Men Grey Woven Design Nehru Jacket,even,Men,1039,5,"Grey woven design nehru jacket, has a mandarin collar, a full button placket, sleeveless, three pockets.", Grey
10013623,PARFAIT Plus Size Beige Solid Underwired Lightly Padded T-shirt Bra 4812,PARFAIT,Women,1609,2,Beige solid full-coverage T-shirt bra Lightly Padded and Underwired seamless cups Regular straps and back closure Back style: Regular Feature: All Day Comfort, Red
10006015,ID Men Tan Brown Solid Comfort Leather Sandals,ID,Men,1785,5,A pair of tan solid Comfort SandalsLeather upper materialSole material: PUCushioned footbedPatterned synthetic outsoleWarranty: 3 monthsWarranty provided by brand/manufacturer, Brown
10017631,Parx Men White & Orange Slim Fit Checked Casual Shirt,Parx,Men,699,5,"White and orange checked casual shirt, has a spread collar, long sleeves, button placket,  curved hem, one patch pocket", White
10007663,ether Women Maroon Solid Suede Finish Open Toe Flats,ether,Women,1399,5,"A pair of maroon solid open-toed flats, has regular styling, no back strap detailSuede upperCushioned footbedTextured and patterned outsoleWarranty: 1 monthWarranty provided by brand/manufacturer", Maroon
10003899,Crimsoune Club Men Orange & White Slim Fit Checked Casual Shirt,Crimsoune Club,Men,1599,5,"Orange and white checked casual shirt, has a spread collar, long sleeves, button placket,  curved hem, one patch pocket", White
10013427,SEJ by Nisha Gupta Red & Blue Printed Wooden Open Dry Bin,SEJ by Nisha Gupta,Unisex,999,3,Set content: 1 open dry binColour: Red and bluePattern: Ethnic printShape: Rectangular,Blue
10015165,Urban Dog Men Navy Blue Solid Regular Fit Sports Shorts,Urban Dog,Men,399,5,"Navy Blue solid mid-rise sports shorts, has two pockets, a drawstring closure",Blue
10017163,Carrera Men Grey Sneakers,Carrera,Men,4499,5,"A pair of round-toe grey sneakers, has regular styling, lace-up detailSynthetic upperCushioned footbedTextured and patterned outsoleWarranty: 1 monthWarranty provided by brand/manufacturer", Grey
10002865,Aj DEZInES Boys Peach-Coloured & Brown Solid Kurta with Pyjamas,Aj DEZInES,Boys,539,5,"Peach-Coloured and brown solid kurta with pyjamasBrown straight above knee kurta, has a mandarin collar, long sleeves, curved hem, side slitsBrown Solid pyjamas, has elasticated waistband, slip-on closureComes with peach coloured self design jacket has mandarin collar, button closure, sleeveless", Red
10013631,PARFAIT Plus Size Beige Solid Underwired Lightly Padded Everyday Bra 6901,PARFAIT,Women,1609,3,Beige solid medium-coverage Everyday bra Lightly Padded and Underwired cut and sew cups Regular straps and back closure Back style: Regular Feature: All Day Comfort, Red
10012879,JEWEL JUNCTION Men Silver-Toned & Blue Geometric Cufflinks,JEWEL JUNCTION,Men,539,5,A pair of silver-toned and yellow geometric printed cufflinks,Blue
10003347,Gini and Jony Boys Grey & White Embroidered Round Neck T-shirt with Applique Detail,Gini and Jony,Boys,489,3,"Grey embroidered T-shirt with applique detail and all over washed effect, has a round neck, short sleeves", Red
10012863,JEWEL JUNCTION Men Gold-Toned Geometric Cufflinks,JEWEL JUNCTION,Men,539,5,A pair of gold-toned and black geometric textured cufflinks, Gold
10003851,Homesake Gold-Toned & White Solid Handcrafted Table Lamp with Shade,Homesake,Unisex,1836,5,Type: Handcrafted Table Lamp with ShadeColour: Gold-Toned and whitePattern: SolidShape: FrustumShade material: FabricBase material: AluminiumBulb Holder Type: E27Switch Type: Toggle ButtonComes with bulb, White
1000894,U.S. Polo Assn. Kids Boys Yellow Hooded Sweatshirt,U.S. Polo Assn. Kids,Boys,899,4,"Yellow sweatshirt,Â has an attached hood with drawstring fastening,Â a full zip closure, longÂ sleeves with applique detail on one sleeve, split kangaroo pocket, an embroidered applique on the backÂ and an inner fleece lining", Yellow
10004123,HIGHLANDER Men White & Grey Slim Fit Striped Casual Shirt,HIGHLANDER,Men,699,5,"White and grey striped casual shirt, has a spread collar, short sleeves, button placket,  curved hem, one patch pocket", White
10012823,SEJ by Nisha Gupta Set of 4 Multicoloured Printed Table Placemats,SEJ by Nisha Gupta,Unisex,799,4,Set content: 4 table matsShape: RectangleColour: MulticolouredPattern: PrintedSuitable For: 4 seater tableMaterial: Cotton, Red
10007763,her by invictus Women Black Solid Cushioned Smart Casual Derbys,her by invictus,Women,1999,6,"A pair of black pointed-toed derbys with comfort lining and foam cushioned footbed for your work-from-home needs. It has regular styling, lace-up detailSynthetic upperFoam Cushioned footbedTextured outsole with a stacked heelWarranty: 3 months against manufacturing defectsWarranty provided by Brand Owner / Manufacturer", Black
10012363,Lakme 9To5 Eye Quartet Eyeshadow - Royal Peacock 7 g,Lakme,Women,520,5,Lakme 9To5 Eye Quartet EyeshadowShade name:Â RoyalÂ Peacock,
10003801,Homesake Gold-Toned & Red Solid Handcrafted Table Lamp with Shade,Homesake,Unisex,1620,5,Type: Handcrafted Table Lamp with ShadeColour: Gold-Toned and redPattern: SolidShape: FrustumShade material: FabricBase material: AluminiumBulb Holder Type: E27Switch Type: Toggle ButtonComes with bulb, Red
10009623,SPYKAR Women Blue Adora Skinny Fit High-Rise Low Distressed Stretchable Ankle Jeans,SPYKAR,Women,1079,7,"Blue medium wash 5-pocket high-rise jeans, low distressed, heavy fade, has a button and zip closure, and waistband with belt loops",Blue
1000494,Russell Athletic Black Printed Hooded Sweatshirt,Russell Athletic,Women,2999,5,"Black sweatshirt, has an attached hood with drawstring fastening, long sleeves, printed on the front, a kangarooÂ pocket, a ribbed hem,Â fleece lining", Black
10003047,Gini and Jony Girls Peach-Coloured & Blue Embroidered Top,Gini and Jony,Girls,559,4,"Peach-Coloured & blue embroidered knitted regular top with sequinned and ruffled detail, has a round neck, and short sleeves",Blue
10013037,Sera Women Green & Blue Printed Kurta with Palazzos,Sera,Women,1317,5,"Green and maroon printed kurta with palazzosGreen and bluestraight calf length kurta, has a V-neck, sleeveless, straight hem, side slitsBlue Solid palazzos, has partially elasticated waistband, button closure",Blue
10001491,MIMOSA Navy Blue & Red Art Silk Woven Design Kanjeevaram Saree,MIMOSA,Women,1195,5,"Design Detail:Navy Blue kanjeevaram  woven design saree and has a zari border Blouse PieceThe model is wearing a blouse from our stylists collection, see the image for a mock-up of what the actual blouse would look likeOrigin:Kanjeevaram sarees are made in the Kanchipuram region in Tamil Nadu. The fabric bears the images of all the scriptures embossed on the walls of the temples of the KanchipuramÂ village.Fabric:Art silk is manufactured by synthetic fibres like rayon. It's light in weight and is soft on the skin for comfort in summers.",Blue
10017213,Kazo Women Green Smocked Peplum Top,Kazo,Women,1690,5,Green solid woven peplum  top and has a strapless, Green
10003569,Gini and Jony Girls Blue Regular Fit Mid-Rise Clean Look Stretchable Jeans,Gini and Jony,Girls,699,3,"Blue medium wash 5-pocket mid-rise jeans with side taping detail and distressed detail on the back, clean look, light fade, has a button and zip closure, and waistband with belt loops",Blue
10013415,SEJ by Nisha Gupta Pink & Black Printed Wooden Open Dry Bin,SEJ by Nisha Gupta,Unisex,999,3,"Set content: 1 open dry binColour: Pink, black and whitePattern: Floral printShape: Rectangular", Black
10001715,Goldea Edp 90Ml,Bvlgari,Women,10950,2,"Inspired by gold and light, Bvlgari presents this 'Goldea' Edt, which has begins with the top notes of crystal musk, orange blossom, raspberry, and bergamot. Ita heart notes include golden musk, ylang-ylang, and jasmine with base notes of velvety musk, amber, patchouli, and Egyptian papyrus. The name of this perfume means ' Gold Goddess' and it comes in a pack of 90ml.Â ", Gold
10016713,Vishudh Women Mustard Orange & Pink Floral Print Maxi Dress,Vishudh,Women,1999,5,"Mustard orange and pink printed maxi dress, has a round neck,, concealed zip closure,, flared hem", Pink
10003437,Gini and Jony Boys Navy Blue Regular Fit Mid-Rise Clean Look Stretchable Jeans,Gini and Jony,Boys,1049,3,"Navy Blue dark wash 5-pocket mid-rise jeans, clean look, no fade, has a button and zip closure, and waistband with belt loops",Blue
10018013,Puma Men Blue Sneakers,Puma,Men,1799,5,"A pair of round-toe blue sneakers, has regular styling, lace-up detailTextile upperCushioned footbedTextured and patterned outsoleWarranty: 3 monthsWarranty provided by brand/manufacturer",Blue
10015877,Raymond Men Grey Solid Single-Breasted Formal Blazer,Raymond,Men,3149,5,"Grey solid single breasted blazer, has a notched lapel collar, double button closures, long sleeves, three pockets and a double vented hem", Grey
1000709,ahilya Sterling Silver Bangle,ahilya,Women,4220,5,"Silver-toned textured bangle, has elephant-shaped detail on both the ends", Silver
